City_ID,City,Country,Lat,Lng,Max Temp,Humidity,Cloudiness,Wind Speed,Current Description,Date
0,Narsaq,GL,60.9167,-46.05,24.8,86,75,9.22,light snow,2021-02-15 16:10:20
1,Saskylakh,RU,71.9167,114.0833,-22.97,86,100,9.8,overcast clouds,2021-02-15 16:10:20
2,Barrow,US,71.2906,-156.7887,-13.0,77,1,10.36,clear sky,2021-02-15 16:10:21
3,Keti Bandar,PK,24.1447,67.4497,70.65,87,0,11.5,clear sky,2021-02-15 16:10:21
4,Yellowknife,CA,62.456,-114.3525,-11.0,84,20,8.05,few clouds,2021-02-15 16:10:22
5,Turayf,SA,31.6725,38.6637,69.8,32,0,4.61,clear sky,2021-02-15 16:10:22
6,Lasa,IT,46.6166,10.7002,37.99,46,0,3.44,clear sky,2021-02-15 16:10:22
7,Hermanus,ZA,-34.4187,19.2345,70.0,53,3,5.99,clear sky,2021-02-15 16:10:22
8,Ushuaia,AR,-54.8,-68.3,59.0,47,40,6.91,scattered clouds,2021-02-15 16:07:56
9,Jamestown,US,42.097,-79.2353,21.0,86,90,4.88,light snow,2021-02-15 16:09:55
10,Saint-Philippe,RE,-21.3585,55.7679,80.6,69,20,2.3,few clouds,2021-02-15 16:10:23
11,Damietta,EG,31.4165,31.8133,62.6,63,0,2.3,clear sky,2021-02-15 16:07:11
12,Pipri,IN,19.8,75.5333,75.2,53,0,4.79,clear sky,2021-02-15 16:10:24
13,Atuona,PF,-9.8,-139.0333,78.17,78,25,11.45,scattered clouds,2021-02-15 16:10:24
14,Punta Arenas,CL,-53.15,-70.9167,55.4,58,75,24.16,broken clouds,2021-02-15 16:10:24
15,Puerto Ayora,EC,-0.7393,-90.3518,82.0,74,40,6.91,light rain,2021-02-15 16:10:25
16,New Norfolk,AU,-42.7826,147.0587,57.99,74,100,1.05,overcast clouds,2021-02-15 16:10:25
17,Upernavik,GL,72.7868,-56.1549,-4.2,90,96,6.06,overcast clouds,2021-02-15 16:10:25
18,Rikitea,PF,-23.1203,-134.9692,79.23,79,58,14.83,broken clouds,2021-02-15 16:10:25
19,Busayra,JO,30.7376,35.6078,52.7,60,0,3.44,clear sky,2021-02-15 16:10:26
20,Yulara,AU,-25.2406,130.9889,77.0,31,8,6.91,clear sky,2021-02-15 16:10:26
21,Georgetown,MY,5.4112,100.3354,86.0,51,20,5.75,few clouds,2021-02-15 16:10:27
22,San Patricio,US,28.017,-97.5169,21.2,79,40,13.8,scattered clouds,2021-02-15 16:10:27
23,Hobart,AU,-42.8794,147.3294,59.0,82,90,3.44,overcast clouds,2021-02-15 16:10:07
24,Yeppoon,AU,-23.1333,150.7333,73.4,78,82,6.91,broken clouds,2021-02-15 16:10:28
25,Butaritari,KI,3.0707,172.7902,79.16,79,21,15.14,few clouds,2021-02-15 16:10:28
26,Kapuskasing,CA,49.4169,-82.4331,-11.2,76,100,3.44,overcast clouds,2021-02-15 16:10:28
27,Thunder Bay,CA,48.4001,-89.3168,-9.0,63,1,5.75,clear sky,2021-02-15 16:08:42
28,Guerrero Negro,MX,27.9769,-114.0611,58.95,73,31,7.96,scattered clouds,2021-02-15 16:10:29
29,Lokosovo,RU,61.1333,74.8167,6.6,95,100,4.92,light snow,2021-02-15 16:10:29
30,San Quintin,MX,30.4833,-115.95,57.0,71,88,3.71,overcast clouds,2021-02-15 16:10:30
31,Ribeira Grande,PT,38.5167,-28.7,59.0,58,20,18.41,few clouds,2021-02-15 16:10:30
32,Zhangjiakou,CN,40.81,114.8794,20.68,74,52,13.53,broken clouds,2021-02-15 16:10:30
33,Hope,US,33.6671,-93.5916,17.01,71,100,7.0,light snow,2021-02-15 16:10:30
34,Saint Anthony,US,45.0205,-93.218,-9.99,53,1,4.61,clear sky,2021-02-15 16:10:31
35,Hilo,US,19.7297,-155.09,68.0,77,1,4.61,clear sky,2021-02-15 16:10:31
36,Hervey Bay,AU,-25.2986,152.8535,70.0,84,6,1.01,clear sky,2021-02-15 16:10:31
37,Lerwick,GB,60.1545,-1.1494,44.6,93,20,10.36,few clouds,2021-02-15 16:10:31
38,Havre,FR,49.5833,0.3333,50.0,81,90,11.5,overcast clouds,2021-02-15 16:10:32
39,Westport,US,41.1415,-73.3579,34.0,69,90,5.75,light rain,2021-02-15 16:10:32
40,Acarau,BR,-2.8856,-40.12,87.62,57,54,12.59,broken clouds,2021-02-15 16:10:32
41,Castro,BR,-24.7911,-50.0119,77.52,57,1,7.9,clear sky,2021-02-15 16:10:33
42,Nanortalik,GL,60.1432,-45.2371,23.11,85,0,21.03,clear sky,2021-02-15 16:10:33
43,Mataura,NZ,-46.1927,168.8643,43.0,86,33,1.01,scattered clouds,2021-02-15 16:10:34
44,Cape Town,ZA,-33.9258,18.4232,72.0,37,20,24.16,few clouds,2021-02-15 16:07:04
45,Longyearbyen,SJ,78.2186,15.6401,24.8,93,75,11.5,light intensity drizzle,2021-02-15 16:10:34
46,Busselton,AU,-33.65,115.3333,69.01,94,1,3.0,clear sky,2021-02-15 16:10:34
47,East London,ZA,-33.0153,27.9116,71.6,56,20,23.02,few clouds,2021-02-15 16:10:35
48,Port Alfred,ZA,-33.5906,26.891,70.0,77,38,7.0,scattered clouds,2021-02-15 16:10:35
49,Vyshkov,RU,52.4764,31.6873,8.6,72,0,13.42,clear sky,2021-02-15 16:10:36
50,Laval,CA,45.57,-73.692,24.01,63,100,2.3,overcast clouds,2021-02-15 16:09:29
51,Santa Luzia,BR,-19.7697,-43.8514,77.0,78,75,5.75,broken clouds,2021-02-15 16:10:36
52,Lompoc,US,34.6391,-120.4579,51.8,93,1,5.75,clear sky,2021-02-15 16:07:19
53,Puerto Madryn,AR,-42.7692,-65.0385,64.76,38,34,7.61,scattered clouds,2021-02-15 16:10:37
54,Lebu,CL,-37.6167,-73.65,63.34,55,0,12.84,clear sky,2021-02-15 16:10:37
55,Mangaluru,IN,12.8667,74.8833,78.8,78,20,5.75,light rain,2021-02-15 16:10:37
56,Huilong,CN,31.8111,121.655,43.0,65,73,1.99,broken clouds,2021-02-15 16:10:38
57,Cayenne,GF,4.9333,-52.3333,86.0,58,40,17.27,scattered clouds,2021-02-15 16:10:38
58,Tiznit,MA,29.5833,-9.5,73.09,20,0,13.18,clear sky,2021-02-15 16:10:38
59,Mar Del Plata,AR,-38.0023,-57.5575,72.0,88,75,9.22,light intensity drizzle,2021-02-15 16:09:11
60,Khatanga,RU,71.9667,102.5,-34.19,81,0,7.85,clear sky,2021-02-15 16:10:39
61,Sao Filipe,CV,14.8961,-24.4956,74.19,65,92,5.48,overcast clouds,2021-02-15 16:10:39
62,Bredasdorp,ZA,-34.5322,20.0403,69.8,37,7,12.66,clear sky,2021-02-15 16:10:40
63,La Romana,DO,18.4273,-68.9728,84.2,61,40,12.66,scattered clouds,2021-02-15 16:05:53
64,Port-Gentil,GA,-0.7193,8.7815,84.2,84,40,11.5,scattered clouds,2021-02-15 16:10:41
65,Bluff,NZ,-46.6,168.3333,43.0,86,71,1.01,broken clouds,2021-02-15 16:10:41
66,Nikolskoye,RU,59.7035,30.7861,14.0,85,75,11.18,light snow,2021-02-15 16:10:41
67,Caravelas,BR,-17.7125,-39.2481,84.87,60,61,10.71,light rain,2021-02-15 16:10:42
68,Isangel,VU,-19.55,169.2667,78.8,94,20,6.04,few clouds,2021-02-15 16:10:42
69,Ambon,ID,-3.6954,128.1814,80.44,79,100,7.0,overcast clouds,2021-02-15 16:10:42
70,Kazerun,IR,29.6195,51.6541,60.85,37,0,2.59,clear sky,2021-02-15 16:10:42
71,Ponta Do Sol,PT,32.6667,-17.1,66.2,72,20,13.8,few clouds,2021-02-15 16:10:43
72,Nador,MA,35.174,-2.9287,60.8,72,75,8.05,broken clouds,2021-02-15 16:10:43
73,Vaini,TO,-21.2,-175.2,71.6,100,20,7.52,few clouds,2021-02-15 16:10:43
74,Fairbanks,US,64.8378,-147.7164,-25.6,75,1,0.89,clear sky,2021-02-15 16:10:03
75,Aksu,CN,41.1231,80.2644,35.4,72,0,3.96,clear sky,2021-02-15 16:10:44
76,Margate,GB,51.3813,1.3862,50.0,76,92,8.01,overcast clouds,2021-02-15 16:10:44
77,Kamina,CD,-8.7386,24.9906,74.41,85,70,3.42,light rain,2021-02-15 16:10:45
78,Saint George,US,37.1041,-113.5841,41.0,52,75,3.44,broken clouds,2021-02-15 16:10:32
79,Pangnirtung,CA,66.1451,-65.7125,-13.0,64,1,3.44,clear sky,2021-02-15 16:10:45
80,Tuktoyaktuk,CA,69.4541,-133.0374,-22.0,76,20,4.61,few clouds,2021-02-15 16:10:45
81,Gat,IL,31.61,34.7642,62.01,46,0,4.97,clear sky,2021-02-15 16:10:46
82,Pandaria,IN,22.2333,81.4167,71.22,28,75,3.15,broken clouds,2021-02-15 16:10:46
83,Soyo,AO,-6.1349,12.3689,87.8,66,40,8.05,scattered clouds,2021-02-15 16:10:46
84,Ostrovnoy,RU,68.0531,39.5131,14.32,95,100,16.82,light snow,2021-02-15 16:10:46
85,Muscat,OM,23.6139,58.5922,75.2,69,0,2.3,clear sky,2021-02-15 16:10:47
86,Tautira,PF,-17.7333,-149.15,77.0,78,75,6.91,light rain,2021-02-15 16:10:47
87,Correderos,HN,15.4167,-88.45,86.0,66,20,1.05,few clouds,2021-02-15 16:10:47
88,Muroto,JP,33.2833,134.15,51.53,53,0,21.16,clear sky,2021-02-15 16:10:48
89,Blagoveshchensk,RU,50.2667,127.5333,-11.2,77,20,6.71,few clouds,2021-02-15 16:09:06
90,Ketchikan,US,55.3422,-131.6461,33.8,100,90,5.75,overcast clouds,2021-02-15 16:10:48
91,Linhares,BR,-19.3911,-40.0722,88.41,57,99,5.61,overcast clouds,2021-02-15 16:10:49
92,Cervo,ES,43.6702,-7.4101,61.65,59,100,5.68,overcast clouds,2021-02-15 16:10:49
93,Hofn,IS,64.2539,-15.2082,44.6,93,75,11.5,mist,2021-02-15 16:10:49
94,Sinnamary,GF,5.3833,-52.95,81.01,70,100,15.03,overcast clouds,2021-02-15 16:10:49
95,Yar-Sale,RU,66.8333,70.8333,-9.04,90,100,16.73,overcast clouds,2021-02-15 16:10:50
96,Qaanaaq,GL,77.484,-69.3632,-4.76,88,97,2.06,overcast clouds,2021-02-15 16:10:50
97,Kuala Terengganu,MY,5.3302,103.1408,78.8,73,20,2.3,few clouds,2021-02-15 16:10:50
98,Vao,NC,-22.6667,167.4833,80.01,77,31,10.02,scattered clouds,2021-02-15 16:10:50
99,Porkhov,RU,57.765,29.5561,8.6,85,0,4.47,clear sky,2021-02-15 16:10:51
100,Sola,VU,-13.8833,167.55,77.0,100,20,15.28,few clouds,2021-02-15 16:10:51
101,Victoria,HK,22.2855,114.1577,68.0,79,8,11.5,clear sky,2021-02-15 16:09:32
102,Port Hardy,CA,50.6996,-127.4199,39.2,93,90,12.66,light rain,2021-02-15 16:10:52
103,Matara,LK,5.9485,80.5353,77.52,86,75,2.24,broken clouds,2021-02-15 16:10:52
104,Geraldton,AU,-28.7667,114.6,71.6,94,0,4.61,clear sky,2021-02-15 16:10:52
105,Avarua,CK,-21.2078,-159.775,78.8,89,90,9.22,overcast clouds,2021-02-15 16:10:52
106,Tazovskiy,RU,67.4667,78.7,-8.95,90,100,21.54,light snow,2021-02-15 16:10:53
107,Codrington,AU,-38.2667,141.9667,58.91,88,84,7.36,broken clouds,2021-02-15 16:10:53
108,Portland,US,45.5234,-122.6762,37.99,86,90,11.5,light rain,2021-02-15 16:08:43
109,Mayo,US,38.8876,-76.5119,37.99,70,90,3.44,overcast clouds,2021-02-15 16:10:53
110,Sept-Iles,CA,50.2001,-66.3821,16.0,48,88,3.44,overcast clouds,2021-02-15 16:10:54
111,Porto Murtinho,BR,-21.6989,-57.8825,96.76,45,93,3.53,overcast clouds,2021-02-15 16:10:54
112,Pevek,RU,69.7008,170.3133,-18.98,87,17,1.23,few clouds,2021-02-15 16:10:54
113,Cabo San Lucas,MX,22.8909,-109.9124,64.99,63,20,2.55,few clouds,2021-02-15 16:10:31
114,Ambilobe,MG,-13.2,49.05,77.77,91,86,1.77,light rain,2021-02-15 16:10:55
115,Warri,NG,5.5167,5.75,87.57,65,92,6.91,overcast clouds,2021-02-15 16:10:55
116,Port Elizabeth,ZA,-33.918,25.5701,69.8,64,20,24.16,few clouds,2021-02-15 16:10:55
117,Kurilsk,RU,45.2333,147.8833,38.59,91,100,29.17,heavy intensity rain,2021-02-15 16:10:56
118,Petropavlovsk-Kamchatskiy,RU,53.0452,158.6483,5.0,78,0,6.71,clear sky,2021-02-15 16:10:56
119,Mezen,RU,65.8522,44.24,-4.05,92,98,4.5,overcast clouds,2021-02-15 16:10:56
120,Rach Gia,VN,10.0167,105.0833,73.4,94,20,3.44,few clouds,2021-02-15 16:10:56
121,Kapaa,US,22.0752,-159.319,66.2,94,1,6.91,clear sky,2021-02-15 16:10:57
122,Kruisfontein,ZA,-34.0033,24.7314,69.01,67,37,10.0,scattered clouds,2021-02-15 16:10:57
123,Albany,US,42.6001,-73.9662,25.0,66,100,2.08,light snow,2021-02-15 16:09:55
124,Sangar,RU,63.9242,127.4739,-16.98,88,98,3.0,overcast clouds,2021-02-15 16:10:58
125,Leningradskiy,RU,69.3833,178.4167,-15.74,87,0,4.7,clear sky,2021-02-15 16:10:58
126,Avera,US,33.194,-82.5271,44.6,91,90,9.22,overcast clouds,2021-02-15 16:10:58
127,Akdepe,TM,42.0551,59.3788,42.8,70,0,9.22,clear sky,2021-02-15 16:10:59
128,Talnakh,RU,69.4865,88.3972,-20.58,77,92,7.85,overcast clouds,2021-02-15 16:10:59
129,Sosua,DO,19.7667,-70.5167,84.2,70,40,11.5,scattered clouds,2021-02-15 16:08:20
130,Belaya Gora,RU,68.5333,146.4167,-29.31,85,0,3.02,clear sky,2021-02-15 16:11:00
131,Jacareacanga,BR,-6.2222,-57.7528,75.92,92,100,1.23,overcast clouds,2021-02-15 16:11:00
132,Coquimbo,CL,-29.9533,-71.3436,69.8,60,40,4.61,scattered clouds,2021-02-15 16:08:13
133,Necochea,AR,-38.5473,-58.7368,66.0,89,100,11.99,overcast clouds,2021-02-15 16:11:01
134,Gazanjyk,TM,39.2446,55.5154,54.54,59,0,1.19,clear sky,2021-02-15 16:10:13
135,Cherskiy,RU,68.75,161.3,-11.33,90,100,4.09,overcast clouds,2021-02-15 16:11:01
136,Bemidji,US,47.4736,-94.8803,-9.0,69,1,2.75,clear sky,2021-02-15 16:09:52
137,Ejido,VE,8.5514,-71.2375,80.73,46,95,5.35,overcast clouds,2021-02-15 16:11:02
138,Mapimi,MX,25.8167,-103.85,46.4,49,1,5.75,clear sky,2021-02-15 16:11:02
139,Pangody,RU,65.85,74.4859,-2.2,92,100,14.88,overcast clouds,2021-02-15 16:11:03
140,Dongsheng,CN,39.8161,109.9776,21.88,83,3,12.75,clear sky,2021-02-15 16:11:03
141,Pisco,PE,-13.7,-76.2167,71.6,88,20,9.22,few clouds,2021-02-15 16:11:03
142,Jieshi,CN,22.8134,115.8257,63.52,74,17,14.85,few clouds,2021-02-15 16:11:03
143,Thompson,CA,55.7435,-97.8558,-18.4,83,75,4.61,broken clouds,2021-02-15 16:11:04
144,Arraial Do Cabo,BR,-22.9661,-42.0278,78.8,88,90,4.61,overcast clouds,2021-02-15 16:11:04
145,Vila Franca Do Campo,PT,37.7167,-25.4333,57.2,58,20,20.71,few clouds,2021-02-15 16:11:04
146,Vrindavan,IN,27.5833,77.7,68.0,73,40,2.3,scattered clouds,2021-02-15 16:11:05
147,Natal,BR,-5.795,-35.2094,89.6,58,20,17.27,few clouds,2021-02-15 16:11:05
148,Saint-Joseph,RE,-21.3667,55.6167,80.6,69,0,4.61,light rain,2021-02-15 16:11:05
149,Kaitangata,NZ,-46.2817,169.8464,51.01,68,75,5.99,broken clouds,2021-02-15 16:11:06
150,Ponta Delgada,PT,37.7333,-25.6667,57.2,58,20,20.71,few clouds,2021-02-15 16:11:06
151,Kununurra,AU,-15.7667,128.7333,82.4,79,40,8.05,scattered clouds,2021-02-15 16:11:07
152,Koumac,NC,-20.5667,164.2833,77.92,79,3,4.05,clear sky,2021-02-15 16:11:07
153,Tuatapere,NZ,-46.1333,167.6833,43.0,86,65,1.01,broken clouds,2021-02-15 16:11:07
154,Lorengau,PG,-2.0226,147.2712,81.77,82,100,12.39,overcast clouds,2021-02-15 16:11:08
155,Bousse,BF,12.6606,-1.8922,100.4,9,36,6.91,scattered clouds,2021-02-15 16:06:12
156,Ilulissat,GL,69.2167,-51.1,5.0,56,75,6.91,broken clouds,2021-02-15 16:11:08
157,Arlit,NE,18.7369,7.3853,91.92,9,0,7.76,clear sky,2021-02-15 16:11:08
158,Makeni,SL,8.8833,-12.05,99.88,28,38,3.13,scattered clouds,2021-02-15 16:11:09
159,Bolshaya Rechka,RU,51.9503,104.7355,-16.6,76,0,4.47,clear sky,2021-02-15 16:11:09
160,Bengkulu,ID,-3.8004,102.2655,77.54,89,100,4.99,overcast clouds,2021-02-15 16:11:09
161,Mirnyy,RU,62.5353,113.9611,-26.7,84,100,8.43,overcast clouds,2021-02-15 16:11:09
162,Chernyshevsk,RU,52.5243,117.0174,-19.95,82,81,4.79,broken clouds,2021-02-15 16:11:10
163,Flinders,AU,-34.5833,150.8552,66.99,91,91,1.01,light rain,2021-02-15 16:11:10
164,Severo-Kurilsk,RU,50.6789,156.125,21.18,89,33,5.32,scattered clouds,2021-02-15 16:11:10
165,Qaqortoq,GL,60.7167,-46.0333,24.8,86,75,9.22,light snow,2021-02-15 16:11:11
166,Galle,LK,6.0367,80.217,78.21,77,77,2.42,broken clouds,2021-02-15 16:11:11
167,Genhe,CN,50.7833,121.5167,-17.66,85,99,3.29,overcast clouds,2021-02-15 16:11:11
168,Port Lincoln,AU,-34.7333,135.8667,66.54,72,98,9.95,heavy intensity rain,2021-02-15 16:11:11
169,Carnarvon,AU,-24.8667,113.6333,80.6,78,40,16.11,scattered clouds,2021-02-15 16:11:12
170,Souillac,MU,-20.5167,57.5167,80.6,78,75,2.3,broken clouds,2021-02-15 16:11:12
171,Ejura,GH,7.3856,-1.3562,97.59,28,61,4.88,broken clouds,2021-02-15 16:11:12
172,Qurayyat,SA,31.3318,37.3428,69.8,30,0,11.5,clear sky,2021-02-15 16:09:19
173,Belyy Yar,RU,53.6039,91.3903,8.6,92,40,2.24,mist,2021-02-15 16:11:13
174,Bakaly,RU,55.1789,53.8028,-5.35,91,95,7.02,overcast clouds,2021-02-15 16:11:13
175,San Rafael,AR,-34.6177,-68.3301,73.02,48,3,9.8,clear sky,2021-02-15 16:10:21
176,Sitka,US,57.0531,-135.33,28.4,74,20,3.44,few clouds,2021-02-15 16:11:14
177,Parabel,RU,58.6978,81.4825,22.77,94,100,11.48,overcast clouds,2021-02-15 16:11:14
178,Penzance,GB,50.1186,-5.5371,51.8,93,75,19.57,broken clouds,2021-02-15 16:11:14
179,Ryotsu,JP,38.0833,138.4333,43.21,65,77,39.15,light rain,2021-02-15 16:11:15
180,Pointe-Noire,CG,-4.7761,11.8635,86.0,74,40,10.36,scattered clouds,2021-02-15 16:11:15
181,Vardo,NO,70.3705,31.1107,28.4,64,75,17.27,broken clouds,2021-02-15 16:11:15
182,Airai,TL,-8.9266,125.4092,60.26,100,100,2.57,overcast clouds,2021-02-15 16:11:15
183,Nelson Bay,AU,-32.7167,152.15,69.8,88,40,9.22,scattered clouds,2021-02-15 16:11:16
184,Clyde River,CA,70.4692,-68.5914,-13.5,82,0,7.16,clear sky,2021-02-15 16:11:16
185,Araouane,ML,18.9048,-3.5265,89.82,11,57,15.59,broken clouds,2021-02-15 16:11:16
186,Ayagoz,KZ,47.9714,80.4392,17.76,83,26,2.37,scattered clouds,2021-02-15 16:11:16
187,Touros,BR,-5.1989,-35.4608,89.6,51,40,16.11,scattered clouds,2021-02-15 16:11:17
188,Chokurdakh,RU,70.6333,147.9167,-16.04,88,83,4.25,broken clouds,2021-02-15 16:11:17
189,Dingle,PH,10.9995,122.6711,75.25,88,100,7.09,overcast clouds,2021-02-15 16:11:17
190,Monroe,US,43.1501,-77.6831,27.0,80,90,1.39,light snow,2021-02-15 16:10:02
191,Gold Coast,AU,-28.0,153.4333,73.0,83,40,6.91,scattered clouds,2021-02-15 16:11:18
192,Hoa Binh,VN,20.8133,105.3383,69.8,78,75,4.61,broken clouds,2021-02-15 16:11:18
193,Mindelo,CV,16.8901,-24.9804,78.8,53,75,27.63,broken clouds,2021-02-15 16:11:19
194,Poum,NC,-20.2333,164.0167,80.47,76,2,7.16,clear sky,2021-02-15 16:11:19
195,Tiksi,RU,71.6872,128.8694,-8.48,90,100,10.6,overcast clouds,2021-02-15 16:11:19
196,Charters Towers,AU,-20.1,146.2667,73.67,88,100,10.87,overcast clouds,2021-02-15 16:11:20
197,Buenos Aires,AR,-34.6132,-58.3772,82.0,57,75,6.91,broken clouds,2021-02-15 16:07:12
198,Martapura,ID,-3.4167,114.85,75.2,100,87,3.44,overcast clouds,2021-02-15 16:11:20
199,Chuy,UY,-33.6971,-53.4616,80.19,64,43,5.61,scattered clouds,2021-02-15 16:11:21
200,Mhango,TZ,-3.2833,32.85,74.48,70,54,2.17,broken clouds,2021-02-15 16:11:21
201,Storforshei,NO,66.4043,14.5233,18.0,92,0,2.3,clear sky,2021-02-15 16:11:22
202,Izhma,RU,65.0083,53.9113,-11.0,89,100,5.08,overcast clouds,2021-02-15 16:11:22
203,Simbahan,PH,6.3032,120.5836,81.36,83,91,15.66,overcast clouds,2021-02-15 16:11:22
204,Cidreira,BR,-30.1811,-50.2056,82.24,58,67,7.02,broken clouds,2021-02-15 16:11:22
205,Bagdarin,RU,54.4333,113.6,-20.38,79,0,4.97,clear sky,2021-02-15 16:11:23
206,Tvoroyri,FO,61.5556,-6.8111,44.6,100,90,17.27,mist,2021-02-15 16:11:23
207,Ahipara,NZ,-35.1667,173.1667,67.73,89,100,22.35,overcast clouds,2021-02-15 16:11:24
208,Smithers,CA,54.7804,-127.1743,15.8,92,90,4.61,light snow,2021-02-15 16:11:24
209,Iqaluit,CA,63.7506,-68.5145,-4.0,77,75,21.85,snow,2021-02-15 16:11:24
210,Torbay,CA,47.6666,-52.7314,30.99,74,75,17.27,broken clouds,2021-02-15 16:11:25
211,Isugod,PH,9.3408,118.1196,76.21,80,28,4.27,scattered clouds,2021-02-15 16:11:25
212,Mozarlandia,BR,-14.7447,-50.5706,81.73,78,72,4.68,broken clouds,2021-02-15 16:11:26
213,Taoudenni,ML,22.6783,-3.9836,80.58,17,0,26.08,clear sky,2021-02-15 16:11:26
214,Inhambane,MZ,-23.865,35.3833,82.4,83,75,13.8,light rain,2021-02-15 16:11:26
215,Mizdah,LY,31.4451,12.9801,45.59,56,45,19.75,scattered clouds,2021-02-15 16:11:26
216,Honningsvag,NO,70.9821,25.9704,24.8,74,75,8.05,broken clouds,2021-02-15 16:11:27
217,Sehithwa,BW,-20.4667,22.7167,82.36,59,29,5.79,scattered clouds,2021-02-15 16:11:27
218,Guanare,VE,9.0418,-69.7421,90.77,41,76,6.31,broken clouds,2021-02-15 16:11:27
219,Bardiyah,LY,31.7561,25.0865,54.19,59,44,21.16,scattered clouds,2021-02-15 16:11:28
220,Bandarbeyla,SO,9.4942,50.8122,75.67,76,37,12.59,scattered clouds,2021-02-15 16:11:28
221,Aswan,EG,24.0934,32.907,78.28,18,0,10.33,clear sky,2021-02-15 16:11:28
222,Salalah,OM,17.0151,54.0924,77.0,61,0,3.44,clear sky,2021-02-15 16:11:28
223,Nesna,NO,66.1967,13.0213,24.8,63,0,5.75,clear sky,2021-02-15 16:11:29
224,Okhotsk,RU,59.3833,143.3,2.23,85,100,4.25,overcast clouds,2021-02-15 16:11:29
225,Tasiilaq,GL,65.6145,-37.6368,32.0,93,90,1.14,light snow,2021-02-15 16:11:29
226,Soligalich,RU,59.0778,42.2864,-5.64,91,92,5.73,overcast clouds,2021-02-15 16:11:29
227,Haines Junction,CA,60.7522,-137.5108,-38.2,60,57,1.14,broken clouds,2021-02-15 16:11:30
228,Iberia,US,29.9502,-91.7507,26.6,86,90,17.27,overcast clouds,2021-02-15 16:11:30
229,Floro,NO,61.5996,5.0328,39.2,65,75,12.66,broken clouds,2021-02-15 16:11:30
230,Biak,ID,-0.9131,122.8766,78.06,74,100,3.85,overcast clouds,2021-02-15 16:11:31
231,Abu Dhabi,AE,24.4667,54.3667,71.6,73,0,6.91,clear sky,2021-02-15 16:09:06
232,Shaunavon,CA,49.6501,-108.4181,-9.4,77,100,16.11,overcast clouds,2021-02-15 16:11:31
233,Buchanan,LR,5.8808,-10.0467,84.2,75,43,8.79,light rain,2021-02-15 16:11:32
234,Biltine,TD,14.5333,20.9167,92.28,10,0,9.19,clear sky,2021-02-15 16:11:32
235,Jijiga,ET,9.35,42.8,68.07,30,90,15.95,overcast clouds,2021-02-15 16:11:32
236,Nikki,BJ,9.9401,3.2108,100.78,11,5,8.79,clear sky,2021-02-15 16:11:33
237,Qui Nhon,VN,13.7667,109.2333,67.05,82,2,4.68,clear sky,2021-02-15 16:09:19
238,Vila Velha,BR,-20.3297,-40.2925,89.6,58,0,13.8,clear sky,2021-02-15 16:11:33
239,Alofi,NU,-19.0595,-169.9187,71.6,100,40,2.3,light rain,2021-02-15 16:11:33
240,Hilton Head Island,US,32.2163,-80.7526,48.99,93,90,8.05,overcast clouds,2021-02-15 16:09:28
241,Northeim,DE,51.7,10.0,33.01,87,100,9.89,overcast clouds,2021-02-15 16:11:34
242,Milledgeville,US,33.0801,-83.2321,45.0,97,100,7.23,overcast clouds,2021-02-15 16:11:34
243,Umm Lajj,SA,25.0213,37.2685,76.96,58,0,5.7,clear sky,2021-02-15 16:11:35
244,Shimoda,JP,34.6667,138.95,46.0,72,16,5.01,few clouds,2021-02-15 16:11:35
245,Paamiut,GL,61.994,-49.6678,12.87,86,20,9.98,few clouds,2021-02-15 16:11:36
246,Ndjole,GA,-0.1783,10.7649,85.39,77,98,4.12,moderate rain,2021-02-15 16:11:36
247,Luderitz,NA,-26.6481,15.1594,72.97,50,0,33.2,clear sky,2021-02-15 16:11:36
248,Maningrida,AU,-12.0667,134.2667,79.84,89,95,10.29,light rain,2021-02-15 16:11:37
249,Diamantina,BR,-18.2494,-43.6003,75.15,71,81,6.87,broken clouds,2021-02-15 16:08:00
250,Aklavik,CA,68.2191,-135.0107,-5.8,84,75,2.3,broken clouds,2021-02-15 16:11:37
251,Corpus Christi,US,27.8006,-97.3964,21.2,73,90,25.32,overcast clouds,2021-02-15 16:07:23
252,Taos,US,36.4072,-105.5731,12.0,85,40,4.74,scattered clouds,2021-02-15 16:11:38
253,Nantucket,US,41.2835,-70.0995,37.99,100,90,11.5,mist,2021-02-15 16:11:38
254,Byron Bay,AU,-28.65,153.6167,71.6,83,75,5.75,broken clouds,2021-02-15 16:08:04
255,Alto Longa,BR,-5.2511,-42.2103,86.58,66,100,4.45,overcast clouds,2021-02-15 16:11:39
256,Manzanillo,CU,20.3433,-77.1167,86.29,48,0,2.62,clear sky,2021-02-15 16:11:39
257,Oksfjord,NO,70.2396,22.3479,32.0,80,75,9.22,light snow,2021-02-15 16:11:39
258,Sioux Lookout,CA,50.1001,-91.917,-23.8,76,20,6.91,few clouds,2021-02-15 16:11:40
259,Provideniya,RU,64.3833,-173.3,-0.96,81,58,15.57,broken clouds,2021-02-15 16:11:40
260,Sur,OM,22.5667,59.5289,69.01,68,0,0.34,clear sky,2021-02-15 16:11:40
261,Xuanzhou,CN,30.9525,118.7553,46.04,81,100,3.44,light rain,2021-02-15 16:11:41
262,Puerto Cabezas,NI,14.0351,-83.3888,82.4,89,75,4.61,broken clouds,2021-02-15 16:11:41
263,Kodiak,US,57.79,-152.4072,33.8,86,90,4.61,mist,2021-02-15 16:11:41
264,Katsuura,JP,35.1333,140.3,57.0,53,0,13.0,clear sky,2021-02-15 16:11:42
265,Baculin,PH,7.4525,126.5842,77.34,80,97,4.59,light rain,2021-02-15 16:11:42
266,Dafeng,CN,23.4517,108.5881,67.68,60,2,4.47,clear sky,2021-02-15 16:11:42
267,Banda Aceh,ID,5.5577,95.3222,79.39,80,98,11.9,overcast clouds,2021-02-15 16:11:43
268,Vostok,RU,46.4856,135.8833,0.86,94,100,4.16,snow,2021-02-15 16:11:43
269,Coihaique,CL,-45.5752,-72.0662,64.4,42,0,5.75,clear sky,2021-02-15 16:11:43
270,Saldanha,ZA,-33.0117,17.9442,73.4,38,0,24.16,clear sky,2021-02-15 16:11:43
271,Novyy Urgal,RU,51.0736,132.5642,-10.07,89,100,0.69,overcast clouds,2021-02-15 16:11:44
272,Oriximina,BR,-1.7656,-55.8661,81.66,77,100,3.83,overcast clouds,2021-02-15 16:11:44
273,Qixia,CN,37.2975,120.8256,32.0,56,4,8.84,clear sky,2021-02-15 16:11:08
274,Taltal,CL,-25.4,-70.4833,70.93,62,18,6.55,few clouds,2021-02-15 16:11:44
275,Mount Gambier,AU,-37.8333,140.7667,51.8,100,90,2.3,overcast clouds,2021-02-15 16:11:45
276,Kavaratti,IN,10.5669,72.642,81.82,60,0,6.55,clear sky,2021-02-15 16:11:45
277,Ishigaki,JP,24.3448,124.1572,66.33,71,22,18.52,few clouds,2021-02-15 16:11:45
278,Bereda,ES,43.2686,-7.5406,69.8,35,0,18.41,clear sky,2021-02-15 16:11:46
279,Kankakee,US,41.15,-87.8667,7.0,78,90,11.5,overcast clouds,2021-02-15 16:11:46
280,Lalibela,ET,12.0333,39.0333,65.39,28,47,11.39,scattered clouds,2021-02-15 16:11:46
281,Jiazi,CN,22.8779,116.067,62.4,77,25,13.24,scattered clouds,2021-02-15 16:11:46
282,Sumbawanga,TZ,-7.9667,31.6167,73.4,73,20,2.33,light rain,2021-02-15 16:11:47
283,Guantanamo,CU,20.1444,-75.2092,84.2,61,20,5.75,few clouds,2021-02-15 16:11:47
284,Ikwiriri,TZ,-7.9562,38.9716,79.29,83,31,6.96,scattered clouds,2021-02-15 16:11:47
285,Los Llanos De Aridane,ES,28.6585,-17.9182,71.6,78,0,5.75,clear sky,2021-02-15 16:10:29
286,Berlevag,NO,70.8578,29.0864,24.8,93,20,3.44,light snow,2021-02-15 16:11:48
287,George,ZA,-33.963,22.4617,68.0,56,40,14.97,scattered clouds,2021-02-15 16:11:48
288,Teguise,ES,29.0605,-13.564,73.4,38,90,8.05,haze,2021-02-15 16:11:48
289,Naze,JP,28.3667,129.4833,55.0,77,10,16.87,clear sky,2021-02-15 16:11:48
290,Kastrakion,GR,39.7156,21.6181,33.8,60,20,5.75,few clouds,2021-02-15 16:11:49
291,Conway,US,35.0887,-92.4421,10.0,85,90,14.97,snow,2021-02-15 16:11:49
292,Emba,KZ,48.8264,58.1442,18.3,97,100,7.65,overcast clouds,2021-02-15 16:11:49
293,Tamale,GH,9.4008,-0.8393,103.98,16,0,4.09,clear sky,2021-02-15 16:11:50
294,Nome,US,64.5011,-165.4064,6.8,78,1,3.44,clear sky,2021-02-15 16:09:28
295,Juventino Rosas,MX,20.65,-101.0,59.0,38,1,5.75,clear sky,2021-02-15 16:11:50
296,Durban,ZA,-29.8579,31.0292,71.01,83,90,19.57,light rain,2021-02-15 16:11:02
297,Anito,PH,12.4497,125.2886,77.58,82,96,10.92,overcast clouds,2021-02-15 16:11:51
298,Mumford,GH,5.2618,-0.759,83.5,76,30,11.88,scattered clouds,2021-02-15 16:11:51
299,Troitskiy,RU,57.0603,63.7481,2.16,91,66,8.32,broken clouds,2021-02-15 16:11:51
300,Puerto Gaitan,CO,4.3133,-72.0816,93.51,38,97,19.57,overcast clouds,2021-02-15 16:11:52
301,Sorland,NO,67.667,12.6934,37.4,81,20,16.11,few clouds,2021-02-15 16:11:52
302,Santa Cruz,BO,-17.8,-63.1667,84.2,65,75,19.57,broken clouds,2021-02-15 16:11:52
303,Bodmin,GB,50.4715,-4.7243,51.8,87,40,13.8,scattered clouds,2021-02-15 16:11:53
304,Olafsvik,IS,64.8945,-23.7142,42.31,80,67,27.34,broken clouds,2021-02-15 16:11:53
305,Chapais,CA,49.7834,-74.8492,3.2,72,90,6.91,haze,2021-02-15 16:11:54
306,Mogwase,ZA,-25.185,27.2665,82.71,50,77,10.83,light rain,2021-02-15 16:11:54
307,Udachnyy,RU,66.4167,112.4,-33.7,80,96,8.21,overcast clouds,2021-02-15 16:11:54
308,Shaoguan,CN,24.8,113.5833,62.58,70,0,0.72,clear sky,2021-02-15 16:11:55
309,Katobu,ID,-4.9408,122.5276,77.45,86,99,2.28,overcast clouds,2021-02-15 16:11:55
310,Itarema,BR,-2.9248,-39.9167,88.7,54,58,12.93,broken clouds,2021-02-15 16:11:55
311,Gulf Gate Estates,US,27.2517,-82.5147,80.01,83,75,16.11,broken clouds,2021-02-15 16:11:55
312,Te Anau,NZ,-45.4167,167.7167,41.92,86,42,6.2,scattered clouds,2021-02-15 16:11:56
313,Henties Bay,NA,-22.116,14.2845,73.0,77,30,14.52,scattered clouds,2021-02-15 16:11:56
314,Mount Isa,AU,-20.7333,139.5,73.4,88,69,1.14,broken clouds,2021-02-15 16:11:56
315,Lubao,PH,14.9167,120.55,75.2,83,75,2.3,broken clouds,2021-02-15 16:11:57
316,Praia,CV,14.9215,-23.5087,78.8,38,0,14.88,clear sky,2021-02-15 16:11:57
317,Katherine,AU,-14.4667,132.2667,78.8,94,75,8.05,broken clouds,2021-02-15 16:11:57
318,Bonavista,CA,48.6499,-53.1147,28.99,68,7,8.05,clear sky,2021-02-15 16:11:58
319,Laguna,US,38.421,-121.4238,50.0,93,90,10.36,overcast clouds,2021-02-15 16:11:58
320,Grindavik,IS,63.8424,-22.4338,42.8,81,75,20.71,broken clouds,2021-02-15 16:11:58
321,Arco,IT,45.9177,10.8867,41.0,100,23,1.28,few clouds,2021-02-15 16:11:58
322,Puerto Maldonado,PE,-12.6,-69.1833,75.2,100,75,5.75,broken clouds,2021-02-15 16:11:59
323,Xichang,CN,27.8964,102.2634,46.87,70,14,3.2,few clouds,2021-02-15 16:12:00
324,Tebingtinggi,ID,3.3285,99.1625,77.0,94,40,3.44,haze,2021-02-15 16:12:00
325,Bethel,US,41.3712,-73.414,32.0,74,90,4.61,overcast clouds,2021-02-15 16:12:01
326,Phan Thiet,VN,10.9333,108.1,67.98,86,0,7.52,clear sky,2021-02-15 16:12:01
327,Honiara,SB,-9.4333,159.95,78.17,81,98,2.44,overcast clouds,2021-02-15 16:12:02
328,Yerbogachen,RU,61.2767,108.0108,-34.35,81,0,3.29,clear sky,2021-02-15 16:12:02
329,Newport,GB,51.5877,-2.9984,54.0,82,100,14.07,overcast clouds,2021-02-15 16:12:02
330,Shu,KZ,43.5983,73.7614,41.49,71,75,3.51,broken clouds,2021-02-15 16:12:02
331,Kabanjahe,ID,3.1001,98.4908,77.0,94,40,3.44,haze,2021-02-15 16:12:03
332,Kolvereid,NO,64.8655,11.6047,30.2,55,0,5.75,clear sky,2021-02-15 16:12:03
333,Baruun-Urt,MN,46.6806,113.2792,-10.12,85,22,10.87,few clouds,2021-02-15 16:12:03
334,Batagay,RU,67.6333,134.6333,-22.58,85,93,3.51,overcast clouds,2021-02-15 16:12:04
335,Svetlyy,RU,54.675,20.1347,30.2,86,75,4.47,broken clouds,2021-02-15 16:12:04
336,Vanimo,PG,-2.6741,141.3028,76.84,89,99,9.19,overcast clouds,2021-02-15 16:12:04
337,Immokalee,US,26.4187,-81.4173,84.0,69,75,8.05,broken clouds,2021-02-15 16:12:05
338,Hobyo,SO,5.3505,48.5268,78.3,77,38,16.44,scattered clouds,2021-02-15 16:12:05
339,Puerto Penasco,MX,31.3167,-113.5333,46.4,49,75,5.75,broken clouds,2021-02-15 16:12:05
340,Dikson,RU,73.5069,80.5464,-24.72,82,100,2.19,overcast clouds,2021-02-15 16:12:05
341,Huicheng,CN,23.0385,116.2899,59.0,77,0,4.47,clear sky,2021-02-15 16:12:06
342,Zhangye,CN,38.9342,100.4517,32.43,76,100,3.6,overcast clouds,2021-02-15 16:12:06
343,Klaksvik,FO,62.2266,-6.589,44.6,100,90,17.27,mist,2021-02-15 16:12:06
344,Karachi,PK,24.9056,67.0822,71.6,78,0,8.05,smoke,2021-02-15 16:12:06
345,Ulladulla,AU,-35.35,150.4667,62.6,100,90,11.5,overcast clouds,2021-02-15 16:12:07
346,Faanui,PF,-16.4833,-151.75,81.9,73,100,13.51,overcast clouds,2021-02-15 16:12:07
347,Tuy Hoa,VN,13.0833,109.3,66.02,84,13,2.95,few clouds,2021-02-15 16:12:07
348,Puerto Colombia,CO,10.9878,-74.9547,87.8,62,40,4.61,scattered clouds,2021-02-15 16:08:02
349,Rovaniemi,FI,66.5,25.7167,26.6,86,75,11.5,broken clouds,2021-02-15 16:08:10
350,Fershampenuaz,RU,53.5202,59.8117,-2.18,89,19,7.81,few clouds,2021-02-15 16:12:08
351,Ampanihy,MG,-24.7,44.75,81.91,57,100,8.86,overcast clouds,2021-02-15 16:12:09
352,Badami,IN,15.915,75.6768,76.69,27,0,6.8,clear sky,2021-02-15 16:12:09
353,Mutoko,ZW,-17.397,32.2268,72.46,80,99,8.37,overcast clouds,2021-02-15 16:12:09
354,Albanel,CA,48.8832,-72.4487,14.0,15,99,4.61,overcast clouds,2021-02-15 16:12:09
355,Mahibadhoo,MV,3.7833,72.9667,81.61,71,75,11.52,broken clouds,2021-02-15 16:12:10
356,Iquitos,PE,-3.7481,-73.2472,89.6,58,20,8.05,few clouds,2021-02-15 16:12:10
357,Churapcha,RU,62.0025,132.4325,-22.85,87,80,3.04,broken clouds,2021-02-15 16:12:10
358,Natchez,US,31.5604,-91.4032,21.2,79,90,12.66,overcast clouds,2021-02-15 16:12:11
359,Stokmarknes,NO,68.5646,14.9108,30.2,93,20,4.61,few clouds,2021-02-15 16:12:11
360,Esperance,AU,-33.8667,121.9,68.0,60,0,11.5,clear sky,2021-02-15 16:12:11
361,Puerto Carreno,CO,6.189,-67.4859,93.99,39,90,13.82,overcast clouds,2021-02-15 16:08:20
362,San Luis,AR,-33.295,-66.3356,74.61,52,95,15.59,overcast clouds,2021-02-15 16:12:12
363,Lima,PE,-12.0432,-77.0282,78.8,61,0,8.05,clear sky,2021-02-15 16:11:40
364,Datong,CN,40.0936,113.2914,24.44,76,27,14.29,scattered clouds,2021-02-15 16:12:13
365,Agadir,MA,30.4202,-9.5982,84.2,13,0,6.91,clear sky,2021-02-15 16:10:12
366,Sterling,US,39.0062,-77.4286,37.0,75,90,3.44,overcast clouds,2021-02-15 16:12:13
367,Champaign,US,40.1334,-88.2001,6.8,78,90,20.71,overcast clouds,2021-02-15 16:12:14
368,Kaeo,NZ,-35.1,173.7833,66.0,95,93,10.0,overcast clouds,2021-02-15 16:12:14
369,Bethanien,NA,-26.502,17.1583,81.21,16,0,16.2,clear sky,2021-02-15 16:12:14
370,Lagoa,PT,39.05,-27.9833,55.72,66,0,21.5,clear sky,2021-02-15 16:12:15
371,Mehamn,NO,71.0357,27.8492,24.8,74,75,8.05,broken clouds,2021-02-15 16:12:15
372,Marzuq,YE,14.4,46.4667,66.61,44,0,5.03,clear sky,2021-02-15 16:12:15
373,Carlsbad,US,33.1581,-117.3506,53.01,76,90,4.61,overcast clouds,2021-02-15 16:12:15
374,Constitucion,CL,-35.3333,-72.4167,64.78,66,18,6.93,few clouds,2021-02-15 16:12:16
375,Hithadhoo,MV,-0.6,73.0833,83.34,71,68,5.48,heavy intensity rain,2021-02-15 16:12:16
376,Bambous Virieux,MU,-20.3428,57.7575,82.0,78,75,2.3,broken clouds,2021-02-15 16:12:16
377,Manadhoo,MV,5.7667,73.3833,81.81,65,74,7.29,broken clouds,2021-02-15 16:12:17
378,Neyshabur,IR,36.2133,58.7958,53.96,34,0,2.8,clear sky,2021-02-15 16:10:29
379,San Juan,AR,-31.5375,-68.5364,77.16,44,20,11.14,few clouds,2021-02-15 16:10:37
380,Nizhniy Kuranakh,RU,58.8353,125.4869,-15.65,87,100,3.74,overcast clouds,2021-02-15 16:12:17
381,Half Moon Bay,US,37.4636,-122.4286,54.0,94,90,6.91,overcast clouds,2021-02-15 16:12:18
382,Nea Stira,GR,38.1833,24.2,35.01,91,79,8.01,broken clouds,2021-02-15 16:12:18
383,Riyadh,SA,24.6877,46.7219,77.0,18,40,6.91,scattered clouds,2021-02-15 16:12:13
384,Port Blair,IN,11.6667,92.75,78.76,82,8,9.62,clear sky,2021-02-15 16:12:19
385,Havoysund,NO,70.9963,24.6622,24.8,86,40,4.61,scattered clouds,2021-02-15 16:12:20
386,Benguela,AO,-12.5763,13.4055,84.2,58,18,12.66,few clouds,2021-02-15 16:12:20
387,Jalingo,NG,8.8833,11.3667,101.16,8,4,7.49,clear sky,2021-02-15 16:12:20
388,Huarmey,PE,-10.0681,-78.1522,76.75,62,0,8.19,clear sky,2021-02-15 16:12:21
389,Talcahuano,CL,-36.7167,-73.1167,68.0,64,20,6.91,few clouds,2021-02-15 16:12:21
390,Sena Madureira,BR,-9.0656,-68.6569,89.15,57,77,4.38,broken clouds,2021-02-15 16:12:21
391,Plouzane,FR,48.3833,-4.6167,51.8,100,90,19.57,mist,2021-02-15 16:12:22
392,Troitskoye,RU,52.9821,84.6757,17.96,94,100,5.66,overcast clouds,2021-02-15 16:12:22
393,Lavrentiya,RU,65.5833,-171.0,-14.13,85,0,11.5,clear sky,2021-02-15 16:12:22
394,Borinskoye,RU,52.4569,39.3713,-4.59,91,21,5.14,few clouds,2021-02-15 16:12:22
395,Yarada,IN,17.65,83.2667,73.4,88,0,2.3,mist,2021-02-15 16:12:23
396,Nawa,IN,27.0167,75.0,67.06,24,24,5.19,few clouds,2021-02-15 16:12:23
397,Namatanai,PG,-3.6667,152.4333,80.69,81,69,7.78,moderate rain,2021-02-15 16:12:23
398,Silva Jardim,BR,-22.6508,-42.3917,78.8,88,90,4.61,overcast clouds,2021-02-15 16:08:42
399,Bilma,NE,18.6853,12.9164,85.53,11,49,12.33,scattered clouds,2021-02-15 16:12:24
400,Iroquois Falls,CA,48.7669,-80.6831,-7.6,71,75,5.75,light snow,2021-02-15 16:12:24
401,Hami,CN,42.8,93.45,30.43,82,0,1.32,clear sky,2021-02-15 16:12:25
402,Kachug,RU,53.9606,105.8817,-21.39,83,7,2.06,clear sky,2021-02-15 16:12:25
403,Sampit,ID,-2.5333,112.95,75.07,96,73,2.26,moderate rain,2021-02-15 16:12:25
404,Vanderhoof,CA,54.0166,-124.0198,9.59,95,100,0.56,overcast clouds,2021-02-15 16:12:25
405,Atar,MR,20.5169,-13.0499,89.08,11,1,19.6,clear sky,2021-02-15 16:12:26
406,Hayden,US,47.766,-116.7866,19.99,86,90,12.66,light snow,2021-02-15 16:12:26
407,Ekhabi,RU,53.5102,142.9671,1.47,95,68,7.87,broken clouds,2021-02-15 16:12:26
408,Birjand,IR,32.8663,59.2211,55.4,4,0,4.61,clear sky,2021-02-15 16:12:27
409,Cururupu,BR,-1.8283,-44.8683,86.34,67,45,6.38,moderate rain,2021-02-15 16:12:27
410,Fukue,JP,32.6881,128.8419,44.2,77,10,27.38,clear sky,2021-02-15 16:12:27
411,Ossora,RU,59.2353,163.0719,7.09,92,100,3.42,overcast clouds,2021-02-15 16:12:27
412,Perth,AU,-31.9333,115.8333,77.0,61,0,6.91,clear sky,2021-02-15 16:10:26
413,Zhizdra,RU,53.746,34.7395,10.4,61,90,4.47,overcast clouds,2021-02-15 16:12:28
414,Krasnaya Gorka,RU,55.1962,56.6673,-3.24,91,94,5.41,overcast clouds,2021-02-15 16:12:29
415,Berdigestyakh,RU,62.0989,126.6992,-18.36,87,100,3.98,overcast clouds,2021-02-15 16:12:29
416,Tivaouane,SN,14.9515,-16.8129,93.2,24,53,9.22,broken clouds,2021-02-15 16:12:29
417,Woodstock,CA,43.1334,-80.7497,21.99,63,100,1.14,light snow,2021-02-15 16:12:29
418,Matagami,CA,49.7502,-77.6328,-3.15,89,78,2.57,broken clouds,2021-02-15 16:12:30
419,Salou,ES,41.0766,1.1416,52.0,76,75,3.44,broken clouds,2021-02-15 16:12:30
420,Kathmandu,NP,27.7167,85.3167,57.2,72,75,5.75,haze,2021-02-15 16:08:09
421,Tingo Maria,PE,-9.2895,-76.0088,77.0,83,75,2.3,broken clouds,2021-02-15 16:12:31
422,Kapra,IN,17.4846,78.561,78.01,53,0,7.29,haze,2021-02-15 16:12:31
423,Kawalu,ID,-7.3817,108.2082,74.1,88,100,2.21,overcast clouds,2021-02-15 16:12:31
424,Cuamba,MZ,-14.8031,36.5372,76.03,86,78,2.15,light rain,2021-02-15 16:12:31
425,Aba,NG,5.1066,7.3667,91.4,62,75,6.91,light rain,2021-02-15 16:12:32
426,Gao,ML,16.6362,1.637,97.32,9,49,6.91,scattered clouds,2021-02-15 16:12:32
427,Hamilton,US,39.1834,-84.5333,21.99,79,75,9.22,light snow,2021-02-15 16:08:54
428,Nan,TH,18.8333,100.6667,71.17,55,1,1.95,clear sky,2021-02-15 16:12:32
429,Neuquen,AR,-38.9516,-68.0591,69.8,46,0,9.22,clear sky,2021-02-15 16:12:33
430,Bara,NG,10.3744,10.7288,96.8,7,7,6.91,clear sky,2021-02-15 16:12:33
431,Pokhara,NP,28.2333,83.9833,56.5,59,48,4.65,scattered clouds,2021-02-15 16:12:21
432,Baykit,RU,61.67,96.37,-17.37,82,97,4.59,overcast clouds,2021-02-15 16:12:33
433,Kanel,SN,15.4916,-13.1763,102.2,12,0,4.61,clear sky,2021-02-15 16:12:34
434,Marystown,CA,47.1666,-55.1483,28.45,91,93,16.31,overcast clouds,2021-02-15 16:12:34
435,Samarai,PG,-10.6167,150.6667,81.61,77,86,6.38,moderate rain,2021-02-15 16:12:34
436,Orlik,RU,52.5178,99.825,8.31,89,89,2.89,light snow,2021-02-15 16:12:35
437,Fortuna,US,40.5982,-124.1573,52.0,100,90,8.9,overcast clouds,2021-02-15 16:12:35
438,Owando,CG,-0.4819,15.8999,88.11,56,90,3.94,overcast clouds,2021-02-15 16:12:35
439,Egvekinot,RU,66.3167,-179.1667,-10.43,86,5,19.24,clear sky,2021-02-15 16:12:35
440,Sao Joao Da Barra,BR,-21.6403,-41.0511,89.6,55,75,9.22,broken clouds,2021-02-15 16:12:36
441,Nurobod,UZ,40.9056,69.8023,53.6,28,0,9.22,clear sky,2021-02-15 16:12:36
442,Kidal,ML,18.4411,1.4078,95.34,9,18,7.02,few clouds,2021-02-15 16:12:36
443,Tessalit,ML,20.1986,1.0114,92.08,11,81,10.6,broken clouds,2021-02-15 16:12:37
444,Deer Lake,CA,49.1667,-57.4316,23.0,74,90,6.91,light snow,2021-02-15 16:12:37
445,San Cristobal,VE,7.7669,-72.225,82.4,74,40,3.44,scattered clouds,2021-02-15 16:09:56
446,Aden,YE,12.7794,45.0367,76.42,70,0,9.78,clear sky,2021-02-15 16:08:06
447,Nazilli,TR,37.9163,28.3223,42.8,70,75,2.3,broken clouds,2021-02-15 16:12:38
448,Ancud,CL,-41.8697,-73.8203,64.4,48,0,6.91,clear sky,2021-02-15 16:12:38
449,Baiyin,CN,36.5583,104.2081,35.01,33,0,2.24,clear sky,2021-02-15 16:12:39
450,Lancaster,US,40.2504,-76.2499,34.0,76,100,1.99,overcast clouds,2021-02-15 16:12:39
451,Svetlogorsk,BY,52.6333,29.7333,5.45,94,73,6.78,broken clouds,2021-02-15 16:12:40
452,Havre-Saint-Pierre,CA,50.2334,-63.5986,10.4,52,20,6.91,few clouds,2021-02-15 16:12:40
453,Lashio,MM,22.9333,97.75,57.07,53,0,1.28,clear sky,2021-02-15 16:12:40
454,Bhuban,IN,20.8833,85.8333,68.68,64,0,3.2,clear sky,2021-02-15 16:12:41
455,Weymouth,US,42.2209,-70.9398,37.0,86,100,11.5,light rain,2021-02-15 16:12:41
456,Walvis Bay,NA,-22.9575,14.5053,78.8,50,8,13.8,clear sky,2021-02-15 16:12:41
457,Kahului,US,20.8947,-156.47,73.4,73,40,3.44,scattered clouds,2021-02-15 16:09:04
458,Belen,TR,36.4891,36.2233,57.2,67,40,6.91,scattered clouds,2021-02-15 16:12:42
459,Chissamba,AO,-12.1667,17.3333,84.2,21,0,9.22,clear sky,2021-02-15 16:12:42
460,Yeniseysk,RU,58.4497,92.1703,0.57,92,100,10.16,light snow,2021-02-15 16:12:42
461,Mafinga,TZ,-7.25,35.0667,73.94,81,78,3.27,light rain,2021-02-15 16:12:43
462,Moses Lake,US,47.1301,-119.2781,24.8,80,90,9.22,snow,2021-02-15 16:12:43
463,Tobane,BW,-21.95,27.9,80.6,74,75,4.61,broken clouds,2021-02-15 16:12:43
464,Atambua,ID,-9.1061,124.8925,74.43,88,99,1.92,overcast clouds,2021-02-15 16:12:43
465,Gewane,ET,10.1664,40.6453,89.02,15,2,13.4,clear sky,2021-02-15 16:12:44
466,Idar,DE,49.7167,7.3,39.2,75,0,12.66,clear sky,2021-02-15 16:12:44
467,Soe,ID,-9.8607,124.284,66.7,95,100,3.47,overcast clouds,2021-02-15 16:12:44
468,Rio Gallegos,AR,-51.6226,-69.2181,66.2,32,0,4.61,clear sky,2021-02-15 16:12:45
469,Marawi,PH,7.9986,124.2928,79.0,90,84,15.01,moderate rain,2021-02-15 16:12:45
470,La Ronge,CA,55.1001,-105.2842,-23.8,69,0,1.14,clear sky,2021-02-15 16:12:45
471,Bushehr,IR,28.9684,50.8385,68.0,77,0,6.91,clear sky,2021-02-15 16:11:00
472,Cabedelo,BR,-6.9811,-34.8339,86.0,70,75,11.5,broken clouds,2021-02-15 16:12:46
473,Batagay-Alyta,RU,67.8006,130.4114,-17.48,87,100,2.17,overcast clouds,2021-02-15 16:12:12
474,Palauig,PH,15.435,119.9045,76.39,78,11,4.43,few clouds,2021-02-15 16:12:46
475,Baswa,IN,27.15,76.5833,67.1,28,74,1.25,broken clouds,2021-02-15 16:12:47
476,Vega De Alatorre,MX,20.0333,-96.6333,59.92,90,100,18.5,overcast clouds,2021-02-15 16:12:47
477,Scarborough,GB,54.2797,-0.4044,48.0,88,50,1.01,scattered clouds,2021-02-15 16:12:47
478,Kipini,KE,-2.5257,40.5262,78.31,79,27,17.11,scattered clouds,2021-02-15 16:12:48
479,Nuuk,GL,64.1835,-51.7216,14.0,62,75,11.5,broken clouds,2021-02-15 16:11:01
480,Porto Novo,BJ,6.4965,2.6036,89.6,70,20,13.8,few clouds,2021-02-15 16:12:48
481,Barberton,ZA,-25.7884,31.0532,75.99,78,75,5.75,light rain,2021-02-15 16:12:48
482,Bodden Town,KY,19.2833,-81.25,84.2,70,75,13.8,broken clouds,2021-02-15 16:12:49
483,Saint-Georges,GD,12.0564,-61.7485,84.2,65,20,23.02,few clouds,2021-02-15 16:12:49
484,Khash,IR,28.2211,61.2158,54.57,34,0,7.63,clear sky,2021-02-15 16:12:49
485,Foki,RU,56.693,54.3499,-2.76,92,100,5.91,overcast clouds,2021-02-15 16:12:50
486,Aracruz,BR,-19.8203,-40.2733,89.6,58,0,13.8,clear sky,2021-02-15 16:12:50
487,Harper,LR,4.375,-7.7169,81.9,83,62,8.86,light rain,2021-02-15 16:12:50
488,Alice Springs,AU,-23.7,133.8833,69.8,52,23,10.31,few clouds,2021-02-15 16:12:27
489,Ayan,RU,56.45,138.1667,5.29,93,100,9.28,light snow,2021-02-15 16:12:51
490,Matay,EG,28.419,30.7792,60.94,33,36,4.0,scattered clouds,2021-02-15 16:12:51
491,Rozvadiv,UA,49.5,23.6167,23.0,93,75,8.95,light snow,2021-02-15 16:12:51
492,Acapulco,MX,16.8634,-99.8901,77.0,57,1,1.86,clear sky,2021-02-15 16:11:08
493,Kamra,PK,33.7473,73.5111,63.0,62,0,5.44,clear sky,2021-02-15 16:12:52
494,Sayanogorsk,RU,53.0875,91.3997,24.17,90,24,3.31,few clouds,2021-02-15 16:09:16
495,Shiraz,IR,29.6036,52.5388,53.6,24,0,4.32,clear sky,2021-02-15 16:12:03
496,Lata,PT,40.1629,-8.3327,71.01,49,93,10.13,overcast clouds,2021-02-15 16:12:53
497,Laurel,US,39.0993,-76.8483,37.99,80,90,3.44,overcast clouds,2021-02-15 16:12:53
498,Tignere,CM,7.3667,12.65,88.68,13,33,8.12,scattered clouds,2021-02-15 16:12:54
499,Kamenka,RU,51.3223,42.7678,-3.1,92,6,5.26,clear sky,2021-02-15 16:12:54
500,Naryan-Mar,RU,67.6713,53.087,-18.24,88,99,7.9,overcast clouds,2021-02-15 16:12:54
501,Red Deer,CA,52.2668,-113.802,-13.0,77,1,6.91,clear sky,2021-02-15 16:12:49
502,Waipawa,NZ,-41.4122,175.5153,60.01,100,75,20.71,light rain,2021-02-15 16:12:55
503,Monrovia,LR,6.3005,-10.7969,84.58,72,64,9.71,light rain,2021-02-15 16:10:18
504,Kodinsk,RU,58.6881,99.1844,-15.03,86,88,4.05,overcast clouds,2021-02-15 16:12:55
505,Minbu,MM,20.1833,94.8833,68.49,43,0,4.43,clear sky,2021-02-15 16:12:56
506,Beringovskiy,RU,63.05,179.3167,-5.93,88,96,17.63,overcast clouds,2021-02-15 16:12:56
507,Emmett,US,43.8735,-116.4993,34.0,94,100,1.01,snow,2021-02-15 16:12:56
508,Knyaze-Volkonskoye,RU,48.4642,135.4567,12.2,57,100,20.13,light snow,2021-02-15 16:12:56
509,Mahebourg,MU,-20.4081,57.7,80.6,78,75,2.3,broken clouds,2021-02-15 16:12:57
510,Tres Arroyos,AR,-38.3739,-60.2798,66.4,71,100,17.05,overcast clouds,2021-02-15 16:12:58
511,Tocopilla,CL,-22.092,-70.1979,74.97,53,5,8.28,clear sky,2021-02-15 16:12:58
512,Nalut,LY,30.3333,10.85,48.99,49,3,21.09,clear sky,2021-02-15 16:12:59
513,Husavik,IS,66.0449,-17.3389,39.2,75,75,16.11,broken clouds,2021-02-15 16:12:59
514,Balgazyn,RU,51.0,95.2,9.01,91,75,1.7,broken clouds,2021-02-15 16:13:00
515,Calabozo,VE,8.9242,-67.4293,92.5,38,94,11.48,overcast clouds,2021-02-15 16:13:00
516,Kautokeino,NO,69.0125,23.0412,23.68,97,100,8.43,light snow,2021-02-15 16:13:00
517,Shingu,JP,33.7333,135.9833,46.56,57,1,17.78,clear sky,2021-02-15 16:13:01
518,Bilibino,RU,68.0546,166.4372,-7.6,88,74,0.74,broken clouds,2021-02-15 16:13:01
519,Djenne,ML,13.9061,-4.5533,103.21,7,18,7.94,few clouds,2021-02-15 16:13:01
520,Camargo,MX,27.6667,-105.1667,38.88,74,88,3.76,overcast clouds,2021-02-15 16:13:02
521,Soldotna,US,60.4878,-151.0583,21.0,85,75,3.44,broken clouds,2021-02-15 16:13:02
522,Maralal,KE,1.0968,36.698,68.23,54,80,11.56,broken clouds,2021-02-15 16:13:02
523,Del Rio,US,29.3627,-100.8968,19.0,61,0,8.99,clear sky,2021-02-15 16:08:22
524,Mangrol,IN,21.1167,70.1167,70.84,77,0,9.15,clear sky,2021-02-15 16:13:03
525,Vila,PT,42.0304,-8.1588,68.0,30,0,17.27,clear sky,2021-02-15 16:13:03
526,Maniitsoq,GL,65.4167,-52.9,6.76,88,99,11.9,overcast clouds,2021-02-15 16:13:04
527,Adrar,MR,20.5022,-10.0711,84.67,13,24,20.07,few clouds,2021-02-15 16:13:04
528,Sibolga,ID,1.7427,98.7792,78.17,81,25,4.12,scattered clouds,2021-02-15 16:13:04
529,Asau,RO,46.4333,26.4,25.0,59,96,7.45,light snow,2021-02-15 16:13:05
530,Champerico,GT,14.3,-91.9167,84.2,54,1,7.7,clear sky,2021-02-15 16:13:05
531,Manaure,CO,11.7751,-72.4445,85.57,54,78,24.07,broken clouds,2021-02-15 16:13:05
532,Saquena,PE,-4.6667,-73.5167,89.85,54,94,5.26,overcast clouds,2021-02-15 16:13:05
533,Oktyabrskoye,RU,43.0645,44.7417,26.6,93,90,11.18,light snow,2021-02-15 16:13:06
534,Murmashi,RU,68.8154,32.8115,-0.4,85,40,4.47,scattered clouds,2021-02-15 16:13:06
535,Lethem,GY,3.3803,-59.7968,82.4,69,75,13.8,broken clouds,2021-02-15 16:13:07
536,Adeje,ES,28.1227,-16.726,77.0,22,0,10.36,clear sky,2021-02-15 16:13:07
537,Vestmannaeyjar,IS,63.4427,-20.2734,44.6,87,75,20.71,broken clouds,2021-02-15 16:13:07
538,Presidencia Roque Saenz Pena,AR,-26.7852,-60.4388,97.0,40,26,3.0,scattered clouds,2021-02-15 16:13:07
539,Makueni,KE,-1.8041,37.6203,72.16,65,96,5.21,overcast clouds,2021-02-15 16:13:08
540,Ruidoso,US,33.3317,-105.673,21.0,86,75,11.5,broken clouds,2021-02-15 16:13:08
541,Oberndorf,DE,48.2905,8.5722,36.0,84,100,6.91,overcast clouds,2021-02-15 16:13:08
542,Santa Maria,BR,-29.6842,-53.8069,82.4,65,75,4.61,broken clouds,2021-02-15 16:10:48
543,Aracoiaba,BR,-4.3711,-38.8142,90.91,51,53,6.22,broken clouds,2021-02-15 16:13:09
544,Quatre Cocos,MU,-20.2078,57.7625,82.0,78,75,2.3,broken clouds,2021-02-15 16:13:09
545,Angoram,PG,-4.0625,144.0661,75.13,94,100,1.86,overcast clouds,2021-02-15 16:13:09
546,Ilabaya,PE,-17.4208,-70.5133,75.18,40,58,10.27,broken clouds,2021-02-15 16:13:09
547,Kokopo,PG,-4.352,152.2633,79.93,79,90,7.74,light rain,2021-02-15 16:13:10
548,Abha,SA,18.2164,42.5053,68.0,72,0,5.75,clear sky,2021-02-15 16:13:10
549,El Cope,PA,8.6167,-80.6,87.01,28,31,5.53,scattered clouds,2021-02-15 16:13:10
550,Doka,SD,13.5167,35.7667,90.63,15,4,6.17,clear sky,2021-02-15 16:13:11
551,Sitio Novo Do Tocantins,BR,-5.5183,-47.4611,81.7,79,100,4.05,light rain,2021-02-15 16:13:11
552,Boguchany,RU,58.3814,97.4531,-8.63,86,100,7.07,overcast clouds,2021-02-15 16:13:11
553,Magog,CA,45.2668,-72.1491,23.0,58,100,1.14,overcast clouds,2021-02-15 16:11:11
554,Montivilliers,FR,49.5452,0.1877,50.0,81,90,11.5,overcast clouds,2021-02-15 16:13:12
555,Kavieng,PG,-2.5744,150.7967,82.58,77,100,8.41,light rain,2021-02-15 16:13:12
556,Katakwi,UG,1.8911,33.9661,87.08,27,100,4.63,overcast clouds,2021-02-15 16:13:12
557,Amga,RU,60.8953,131.9608,-20.69,86,93,1.41,overcast clouds,2021-02-15 16:12:12
558,Namtsy,RU,62.7161,129.6658,-31.0,75,0,4.47,clear sky,2021-02-15 16:13:13
559,Jumla,NP,29.2747,82.1838,36.43,77,32,3.11,scattered clouds,2021-02-15 16:13:13
560,Ixtapa,MX,20.7,-105.2,71.6,49,1,4.61,clear sky,2021-02-15 16:13:13
561,Whitehorse,CA,60.7161,-135.0538,-31.0,68,1,3.44,clear sky,2021-02-15 16:13:14
562,Clonakilty,IE,51.6231,-8.8706,48.99,100,90,16.11,mist,2021-02-15 16:13:14
563,Praia Da Vitoria,PT,38.7333,-27.0667,59.0,67,20,15.55,few clouds,2021-02-15 16:13:15
564,Saint-Augustin,CA,51.226,-58.6502,8.62,88,0,10.63,clear sky,2021-02-15 16:13:15
565,Bathsheba,BB,13.2167,-59.5167,86.0,51,40,24.16,scattered clouds,2021-02-15 16:13:15
566,Barsovo,RU,61.1667,73.1667,3.2,92,75,2.24,light snow,2021-02-15 16:13:15
567,Dubuque,US,42.4833,-90.8668,-5.01,49,1,14.97,clear sky,2021-02-15 16:10:15
568,Ode,NG,7.7899,5.7117,91.36,32,59,3.33,broken clouds,2021-02-15 16:13:16
569,Popondetta,PG,-8.7537,148.2534,74.77,87,85,2.93,overcast clouds,2021-02-15 16:13:17
570,Banff,CA,51.1762,-115.5698,5.0,71,6,4.61,clear sky,2021-02-15 16:13:17
571,Kungurtug,RU,50.5994,97.5228,12.0,92,100,0.54,overcast clouds,2021-02-15 16:13:17
572,Visegrad,BA,43.7847,19.2992,24.8,46,0,6.91,clear sky,2021-02-15 16:13:02
573,Daru,PG,-9.0763,143.2092,75.79,92,100,6.98,overcast clouds,2021-02-15 16:13:18
574,Ormara,PK,25.2088,64.6357,72.27,78,0,11.48,clear sky,2021-02-15 16:13:18
575,Xinxiang,CN,35.3089,113.8672,45.28,43,100,4.94,overcast clouds,2021-02-15 16:13:18
576,Barrhead,GB,55.7992,-4.3929,50.0,81,90,13.8,overcast clouds,2021-02-15 16:08:24
577,Pacific Grove,US,36.6177,-121.9166,54.0,100,90,4.61,mist,2021-02-15 16:12:50
578,Huambo,AO,-12.7761,15.7392,75.31,43,60,3.06,broken clouds,2021-02-15 16:13:19
579,Punta De Bombon,PE,-17.1717,-71.7931,74.8,72,4,11.83,clear sky,2021-02-15 16:13:20
580,Pandan,PH,14.0453,124.1694,76.37,80,65,11.07,broken clouds,2021-02-15 16:13:20
581,Jackson,US,42.4165,-122.8345,43.0,87,90,5.73,mist,2021-02-15 16:12:15
582,Boynton Beach,US,26.5254,-80.0664,86.0,70,40,12.66,scattered clouds,2021-02-15 16:09:19
583,Eureka,US,40.8021,-124.1637,52.0,99,100,4.0,overcast clouds,2021-02-15 16:13:21
584,Clarence Town,AU,-32.5833,151.7833,69.8,88,40,9.22,scattered clouds,2021-02-15 16:13:21
585,Kosterevo,RU,55.9299,39.6144,-5.03,91,5,5.1,clear sky,2021-02-15 16:13:22
586,Grand Gaube,MU,-20.0064,57.6608,82.0,73,100,1.99,overcast clouds,2021-02-15 16:13:22
587,Balabac,PH,7.9868,117.0645,77.81,71,42,7.2,scattered clouds,2021-02-15 16:13:22
588,Nola,IT,40.922,14.5329,44.6,39,20,12.66,few clouds,2021-02-15 16:13:22
589,Basco,PH,20.4487,121.9702,72.46,77,38,23.11,scattered clouds,2021-02-15 16:13:23
590,Padang,ID,-0.9492,100.3543,78.8,89,40,2.3,scattered clouds,2021-02-15 16:13:23
591,Dejen,ET,10.1667,38.1333,68.81,33,72,2.98,broken clouds,2021-02-15 16:13:23
592,Magugu,TZ,-4.0167,35.7667,74.1,73,89,3.71,light rain,2021-02-15 16:13:24
593,Malartic,CA,48.1335,-78.1328,6.01,85,75,10.36,light snow,2021-02-15 16:10:58
594,Ust-Maya,RU,60.4167,134.5333,-15.47,88,95,1.32,overcast clouds,2021-02-15 16:13:24
595,Aloleng,PH,16.1307,119.7824,76.91,78,30,7.25,scattered clouds,2021-02-15 16:13:24
596,Semey,KZ,50.4111,80.2275,15.8,79,0,17.9,clear sky,2021-02-15 16:13:25
597,Babushkin,RU,51.7122,105.8647,-4.23,89,84,2.59,broken clouds,2021-02-15 16:13:25
598,Superior,US,46.7208,-92.1041,-11.0,58,1,2.8,clear sky,2021-02-15 16:13:25
599,Ugoofaaru,MV,5.6667,73.0,81.75,65,94,6.98,overcast clouds,2021-02-15 16:13:26
600,Sri Aman,MY,1.2376,111.4621,73.4,94,95,1.21,overcast clouds,2021-02-15 16:13:26
601,Trincomalee,LK,8.5711,81.2335,78.48,77,17,9.71,few clouds,2021-02-15 16:13:26
602,Alghero,IT,40.5589,8.3181,50.0,50,0,10.36,clear sky,2021-02-15 16:13:26
603,Metro,ID,-5.1131,105.3067,76.15,92,100,4.72,overcast clouds,2021-02-15 16:13:27
604,Tilichiki,RU,60.4667,166.1,-9.0,90,6,8.39,clear sky,2021-02-15 16:13:27
605,Zlobin,HR,45.2924,14.6541,44.6,26,0,3.44,clear sky,2021-02-15 16:13:27
606,Oda,JP,35.1833,132.5,40.33,70,0,28.66,clear sky,2021-02-15 16:13:27
607,Southbridge,US,42.0751,-72.0334,32.0,65,100,5.01,light snow,2021-02-15 16:13:28
608,Nabire,ID,-3.3667,135.4833,76.6,88,100,3.85,overcast clouds,2021-02-15 16:13:28
609,Waingapu,ID,-9.6567,120.2641,77.38,82,97,4.97,overcast clouds,2021-02-15 16:13:28
610,Kohila,EE,59.1681,24.7575,23.0,79,0,10.36,clear sky,2021-02-15 16:13:29
611,Cozumel,MX,20.5083,-86.9458,84.2,70,40,8.05,scattered clouds,2021-02-15 16:13:29
612,Vanavara,RU,60.34,102.2797,-29.67,83,10,2.8,clear sky,2021-02-15 16:13:29
613,Vangaindrano,MG,-23.35,47.6,75.87,89,100,3.58,light rain,2021-02-15 16:13:30
614,Birao,CF,10.2849,22.7882,96.42,11,49,2.86,scattered clouds,2021-02-15 16:13:30
615,Topchikha,RU,52.8192,83.1185,21.2,68,0,11.18,clear sky,2021-02-15 16:13:30
616,The Valley,AI,18.217,-63.0578,82.4,61,20,20.71,few clouds,2021-02-15 16:13:30
617,Bud,US,39.447,-86.1758,17.01,83,100,14.0,overcast clouds,2021-02-15 16:13:31
618,Hovd,MN,48.0056,91.6419,14.16,85,24,1.7,few clouds,2021-02-15 16:13:31
619,Aykhal,RU,66.0,111.5,-33.12,81,94,6.17,overcast clouds,2021-02-15 16:13:31
620,Amuntai,ID,-2.4177,115.2494,73.42,94,82,1.3,broken clouds,2021-02-15 16:13:31
621,Kankan,GN,10.3854,-9.3057,105.24,17,6,2.17,clear sky,2021-02-15 16:13:32
622,Plainview,US,40.7765,-73.4673,35.01,69,90,8.05,overcast clouds,2021-02-15 16:13:32
623,Diamantino,BR,-14.4086,-56.4461,82.6,69,98,5.01,overcast clouds,2021-02-15 16:13:32
624,Komsomolskiy,UZ,40.4272,71.7189,51.8,32,0,11.5,clear sky,2021-02-15 16:13:33
625,Fomboni,KM,-12.28,43.7425,83.79,77,100,21.56,overcast clouds,2021-02-15 16:13:33
626,Kundiawa,PG,-6.0167,144.9667,64.56,78,100,0.89,overcast clouds,2021-02-15 16:13:33
627,Villa Union,MX,23.2,-106.2333,69.01,77,20,3.44,few clouds,2021-02-15 16:13:34
628,Tual,ID,-5.6667,132.75,82.69,77,100,19.06,overcast clouds,2021-02-15 16:09:14
629,Santiago Del Estero,AR,-27.7951,-64.2615,88.86,42,68,5.44,light rain,2021-02-15 16:13:34
630,Acajutla,SV,13.5928,-89.8275,75.2,69,0,2.3,clear sky,2021-02-15 16:11:19
631,Eastbourne,GB,50.7687,0.2845,48.99,92,100,5.01,overcast clouds,2021-02-15 16:13:35
632,Buala,SB,-8.145,159.5921,80.01,84,95,6.51,overcast clouds,2021-02-15 16:13:35
633,Okato,NZ,-39.2,173.8833,59.0,80,98,25.01,overcast clouds,2021-02-15 16:13:36
634,Comodoro Rivadavia,AR,-45.8667,-67.5,66.2,37,0,18.41,clear sky,2021-02-15 16:13:36
635,Voi,KE,-3.3945,38.563,84.56,43,75,8.43,broken clouds,2021-02-15 16:13:36
636,Norrtalje,SE,59.758,18.705,28.0,69,0,1.01,clear sky,2021-02-15 16:13:36
637,Banepa,NP,27.6298,85.5214,57.2,72,75,5.75,haze,2021-02-15 16:13:37
638,Palmer,US,42.1584,-72.3287,32.0,69,90,8.05,overcast clouds,2021-02-15 16:09:10
639,Manakara,MG,-22.1333,48.0167,77.9,83,100,6.08,overcast clouds,2021-02-15 16:13:37
640,Novikovo,RU,51.1537,37.8879,4.19,93,74,3.83,broken clouds,2021-02-15 16:13:38
641,Tias,ES,28.9611,-13.645,73.4,38,90,8.05,haze,2021-02-15 16:13:38
642,Kolondieba,ML,11.0882,-6.8926,101.14,19,33,4.29,scattered clouds,2021-02-15 16:13:38
643,Dudinka,RU,69.4058,86.1778,-16.24,80,100,12.97,overcast clouds,2021-02-15 16:13:38
644,Yarovoye,RU,52.9273,78.58,24.39,96,100,7.56,overcast clouds,2021-02-15 16:13:39
645,Yumen,CN,40.2833,97.2,33.31,75,100,10.11,overcast clouds,2021-02-15 16:13:39
646,Camacha,PT,33.0833,-16.3333,64.4,77,40,10.36,scattered clouds,2021-02-15 16:13:39
647,Amesbury,US,42.8584,-70.9301,30.0,73,91,1.01,overcast clouds,2021-02-15 16:13:40
648,La Sarre,CA,48.8002,-79.1996,-2.31,91,100,5.41,overcast clouds,2021-02-15 16:13:40
649,Evensk,RU,61.95,159.2333,9.48,93,100,6.53,overcast clouds,2021-02-15 16:13:40
650,Hualmay,PE,-11.0964,-77.6139,77.68,61,1,9.4,clear sky,2021-02-15 16:13:41
651,Villa Carlos Paz,AR,-31.4241,-64.4978,77.0,57,72,8.05,moderate rain,2021-02-15 16:13:41
652,Kotido,UG,2.9806,34.1331,85.28,27,90,12.21,overcast clouds,2021-02-15 16:13:41
653,Iquique,CL,-20.2208,-70.1431,77.0,50,0,17.27,clear sky,2021-02-15 16:13:42
654,Ngunguru,NZ,-35.6167,174.5,66.0,95,100,10.0,overcast clouds,2021-02-15 16:13:42
655,Borogontsy,RU,62.6683,131.1683,-20.76,87,79,2.21,broken clouds,2021-02-15 16:13:42
656,Plettenberg Bay,ZA,-34.0527,23.3716,65.28,63,50,10.49,scattered clouds,2021-02-15 16:12:53
657,Bulawayo,ZW,-20.15,28.5833,73.31,82,96,4.07,moderate rain,2021-02-15 16:13:43
658,Neryungri,RU,56.6709,124.6491,-18.26,84,100,9.22,overcast clouds,2021-02-15 16:13:43
659,Buin,CL,-33.7333,-70.75,75.0,64,0,6.91,haze,2021-02-15 16:13:43
660,Chaumont,FR,48.1167,5.1333,46.0,63,97,1.01,overcast clouds,2021-02-15 16:13:44
661,Sale,MA,34.0389,-6.8166,73.0,37,0,4.61,clear sky,2021-02-15 16:13:44
662,Kabompo,ZM,-13.5927,24.2008,77.34,68,0,4.68,clear sky,2021-02-15 16:13:44
663,Laredo,US,27.5064,-99.5075,19.4,73,1,18.41,clear sky,2021-02-15 16:13:45
664,College,US,64.8569,-147.8028,-25.6,75,1,1.23,clear sky,2021-02-15 16:13:45
665,Srednekolymsk,RU,67.45,153.6833,-18.67,85,96,2.59,overcast clouds,2021-02-15 16:13:46
666,Houma,US,29.5958,-90.7195,32.0,93,90,12.66,mist,2021-02-15 16:08:50
667,Loreto,MX,22.2667,-101.9667,54.59,41,0,16.91,clear sky,2021-02-15 16:13:46
668,Pecos,US,31.4229,-103.4932,8.6,72,90,9.22,overcast clouds,2021-02-15 16:13:46
669,Sao Felix Do Xingu,BR,-6.6447,-51.995,73.31,96,100,2.44,moderate rain,2021-02-15 16:13:47
670,Garden City,US,42.3256,-83.331,15.8,79,90,12.66,light snow,2021-02-15 16:13:47
671,Chabahar,IR,25.2919,60.643,72.23,79,0,8.46,clear sky,2021-02-15 16:11:17
672,Las Vegas,US,36.175,-115.1372,46.4,36,1,0.92,clear sky,2021-02-15 16:11:15
673,Trairi,BR,-3.2778,-39.2689,87.8,58,100,11.56,overcast clouds,2021-02-15 16:13:48
674,Shirokiy,RU,49.758,129.523,-14.71,88,0,9.17,clear sky,2021-02-15 16:13:49
675,Batticaloa,LK,7.7102,81.6924,77.25,77,21,6.78,few clouds,2021-02-15 16:13:49
676,Pangkalanbuun,ID,-2.6833,111.6167,74.03,93,100,2.73,overcast clouds,2021-02-15 16:13:49
677,Kudahuvadhoo,MV,2.6708,72.8944,81.59,76,99,13.27,overcast clouds,2021-02-15 16:13:49
678,Morondava,MG,-20.2833,44.2833,77.65,87,100,15.05,moderate rain,2021-02-15 16:13:50
679,Rocha,UY,-34.4833,-54.3333,80.1,62,98,7.27,overcast clouds,2021-02-15 16:13:50
680,Sidi Ali,DZ,36.0998,0.4206,57.87,57,0,11.16,clear sky,2021-02-15 16:13:50
681,Tatawin,TN,32.9297,10.4518,50.0,53,75,11.5,broken clouds,2021-02-15 16:13:51
682,Ajjampur,IN,13.7281,76.0094,69.19,63,26,9.01,scattered clouds,2021-02-15 16:13:51
683,Maine-Soroa,NE,13.2114,12.0241,93.47,9,0,14.52,clear sky,2021-02-15 16:13:51
684,Caceres,ES,39.522,-6.3748,64.0,59,84,8.01,broken clouds,2021-02-15 16:13:52
685,Hohhot,CN,40.8106,111.6522,23.0,54,20,8.95,few clouds,2021-02-15 16:13:52
686,Maldonado,UY,-34.6667,-54.9167,78.8,73,20,6.91,few clouds,2021-02-15 16:13:26
687,Dubrovka,RU,53.6907,33.5071,10.4,61,90,4.47,overcast clouds,2021-02-15 16:13:52
688,La Roche-Sur-Yon,FR,46.6667,-1.4333,53.6,71,0,12.66,clear sky,2021-02-15 16:13:53
689,Coahuayana,MX,18.7333,-103.6833,64.4,72,20,1.92,few clouds,2021-02-15 16:13:53
690,Palasa,IN,18.7667,84.4167,70.72,80,0,4.41,clear sky,2021-02-15 16:13:53
